phase,index,sent_epoch_ms
tmux,0,1791509919150.4500
tmux,1,1791509919167.1172
tmux,2,1791509919183.7910
tmux,3,1791509919200.4521
tmux,4,1791509919217.1099
tmux,5,1791509919233.7810
tmux,6,1791509919250.4670
tmux,7,1791509919267.1160
tmux,8,1791509919283.7939
tmux,9,1791509919300.4602
tmux,10,1791509919317.1201
tmux,11,1791509919333.7800
tmux,12,1791509919350.4441
tmux,13,1791509919367.1392
tmux,14,1791509919383.7942
tmux,15,1791509919400.4641
tmux,16,1791509919417.1160
tmux,17,1791509919433.7800
tmux,18,1791509919450.4509
tmux,19,1791509919467.1260
tmux,20,1791509919483.7971
tmux,21,1791509919500.4590
tmux,22,1791509919517.1321
tmux,23,1791509919533.7810
tmux,24,1791509919550.4480
tmux,25,1791509919567.1179
tmux,26,1791509919583.8062
tmux,27,1791509919600.4500
tmux,28,1791509919617.1318
tmux,29,1791509919633.8030
tmux,30,1791509919650.4509
tmux,31,1791509919667.1218
tmux,32,1791509919683.7881
tmux,33,1791509919700.4570
tmux,34,1791509919717.1250
tmux,35,1791509919733.7981
tmux,36,1791509919750.4548
tmux,37,1791509919767.1169
tmux,38,1791509919783.8049
tmux,39,1791509919800.4702
tmux,40,1791509919817.1150
tmux,41,1791509919833.7751
tmux,42,1791509919850.4570
tmux,43,1791509919867.1228
tmux,44,1791509919883.7910
tmux,45,1791509919900.4399
tmux,46,1791509919917.1318
tmux,47,1791509919933.7859
tmux,48,1791509919950.4751
tmux,49,1791509919967.1050
tmux,50,1791509919983.7861
tmux,51,1791509920000.4412
tmux,52,1791509920017.1370
tmux,53,1791509920033.7952
tmux,54,1791509920050.4309
tmux,55,1791509920067.1060
tmux,56,1791509920083.7659
tmux,57,1791509920100.4360
tmux,58,1791509920117.1118
tmux,59,1791509920133.7781
tmux,60,1791509920150.4290
tmux,61,1791509920167.1091
tmux,62,1791509920183.7690
tmux,63,1791509920200.4548
tmux,64,1791509920217.1040
tmux,65,1791509920233.7690
tmux,66,1791509920250.4512
tmux,67,1791509920267.1221
tmux,68,1791509920283.7720
tmux,69,1791509920300.4509
tmux,70,1791509920317.1150
tmux,71,1791509920333.7791
tmux,72,1791509920350.4570
tmux,73,1791509920367.1191
tmux,74,1791509920383.7839
tmux,75,1791509920400.4390
tmux,76,1791509920417.1091
tmux,77,1791509920433.7749
tmux,78,1791509920450.4399
tmux,79,1791509920467.1079
input,0,1791509920508.7979
input,1,1791509920550.4570
input,2,1791509920592.4380
input,3,1791509920634.2622
input,4,1791509920675.4619
input,5,1791509920717.1272
input,6,1791509920758.7891
input,7,1791509920800.4551
input,8,1791509920842.1179
input,9,1791509920883.7839
input,10,1791509920925.5422
input,11,1791509920967.1599
input,12,1791509921008.8291
input,13,1791509921050.4490
input,14,1791509921092.1221
input,15,1791509921133.7839
input,16,1791509921175.4539
input,17,1791509921217.0999
input,18,1791509921258.7769
input,19,1791509921300.4370
input,20,1791509921342.1299
input,21,1791509921383.7810
input,22,1791509921425.4609
input,23,1791509921467.1130
input,24,1791509921508.7732
input,25,1791509921550.4470
input,26,1791509921592.1279
input,27,1791509921633.7710
input,28,1791509921675.4502
input,29,1791509921717.1072
input,30,1791509921758.7759
input,31,1791509921800.4329
input,32,1791509921842.1208
input,33,1791509921883.7739
input,34,1791509921925.4170
input,35,1791509921967.0850
input,36,1791509922008.7300
input,37,1791509922050.4050
input,38,1791509922092.0762
input,39,1791509922133.7620
