sequence,observed_epoch_ms
1,1791509928013.8760
2,1791509928026.3259
3,1791509928044.1641
4,1791509928061.9551
5,1791509928079.6553
6,1791509928096.8840
7,1791509928117.9150
8,1791509928134.8560
9,1791509928157.6619
10,1791509928169.5061
11,1791509928187.0388
12,1791509928206.3032
13,1791509928223.4348
15,1791509928241.3230
16,1791509928257.8911
17,1791509928275.7891
18,1791509928292.4509
19,1791509928312.3459
20,1791509928339.8499
21,1791509928344.5190
22,1791509928359.8582
23,1791509928378.9470
24,1791509928396.3779
25,1791509928414.0840
26,1791509928431.3130
27,1791509928447.7891
28,1791509928465.4199
29,1791509928481.5969
30,1791509928499.7668
31,1791509928516.3079
32,1791509928533.7061
33,1791509928552.0278
34,1791509928568.8049
35,1791509928585.7820
36,1791509928602.0400
37,1791509928619.7380
38,1791509928637.4050
39,1791509928654.2471
40,1791509928671.2390
41,1791509928688.1663
43,1791509928708.3521
44,1791509928725.6990
45,1791509928742.1760
46,1791509928759.7708
47,1791509928778.4871
48,1791509928797.4570
49,1791509928816.5369
50,1791509928833.2041
51,1791509928848.5798
52,1791509928867.6760
53,1791509928884.6001
54,1791509928902.3162
55,1791509928918.9580
56,1791509928938.4341
57,1791509928953.4021
59,1791509928972.1201
60,1791509928989.3379
61,1791509929006.7283
62,1791509929023.9138
63,1791509929041.2642
64,1791509929059.1909
65,1791509929075.6521
66,1791509929093.3262
67,1791509929110.0220
68,1791509929126.9951
69,1791509929146.5100
70,1791509929164.1550
71,1791509929181.2830
72,1791509929198.7371
73,1791509929218.4460
74,1791509929233.5042
75,1791509929252.5898
76,1791509929269.4490
77,1791509929287.6191
78,1791509929303.3550
79,1791509929320.0540
80,1791509929336.2310
81,1791509929372.8662
82,1791509929406.3269
83,1791509929456.1682
84,1791509929489.3850
85,1791509929538.9150
86,1791509929572.2991
87,1791509929622.6040
88,1791509929655.5791
89,1791509929705.5540
90,1791509929738.8967
91,1791509929789.9871
92,1791509929821.7668
93,1791509929872.2019
94,1791509929905.9709
95,1791509929954.9751
96,1791509929988.5740
97,1791509930038.8569
98,1791509930072.2900
99,1791509930122.0979
100,1791509930155.7322
101,1791509930205.2268
102,1791509930244.2520
103,1791509930291.3152
104,1791509930323.4692
105,1791509930372.4771
106,1791509930405.4551
107,1791509930456.4290
108,1791509930489.5210
109,1791509930541.2131
110,1791509930572.4290
111,1791509930623.2271
112,1791509930656.1831
113,1791509930705.2031
114,1791509930738.5320
115,1791509930789.6089
116,1791509930821.7791
117,1791509930872.2383
118,1791509930905.6921
119,1791509930955.6589
120,1791509930988.7642
