run,workload,engine,median_ms
1,plain-scroll,alacritty_terminal,6.15
1,plain-scroll,ghostty-vt-main,1.32
1,plain-scroll,vt100,8.06
1,plain-scroll,wezterm-term,26.24
1,ansi-scroll,alacritty_terminal,4.70
1,ansi-scroll,ghostty-vt-main,6.21
1,ansi-scroll,vt100,6.25
1,ansi-scroll,wezterm-term,14.95
1,tui-redraw,alacritty_terminal,3.59
1,tui-redraw,ghostty-vt-main,2.63
1,tui-redraw,vt100,3.48
1,tui-redraw,wezterm-term,25.34
1,tmux-client,alacritty_terminal,2.17
1,tmux-client,ghostty-vt-main,6.09
1,tmux-client,vt100,8.57
1,tmux-client,wezterm-term,156.42
2,plain-scroll,alacritty_terminal,5.98
2,plain-scroll,ghostty-vt-main,1.34
2,plain-scroll,vt100,7.65
2,plain-scroll,wezterm-term,25.96
2,ansi-scroll,alacritty_terminal,4.66
2,ansi-scroll,ghostty-vt-main,6.18
2,ansi-scroll,vt100,5.98
2,ansi-scroll,wezterm-term,14.38
2,tui-redraw,alacritty_terminal,3.53
2,tui-redraw,ghostty-vt-main,2.66
2,tui-redraw,vt100,3.51
2,tui-redraw,wezterm-term,24.92
2,tmux-client,alacritty_terminal,2.10
2,tmux-client,ghostty-vt-main,5.94
2,tmux-client,vt100,8.44
2,tmux-client,wezterm-term,137.25
3,plain-scroll,alacritty_terminal,5.95
3,plain-scroll,ghostty-vt-main,1.35
3,plain-scroll,vt100,7.93
3,plain-scroll,wezterm-term,26.29
3,ansi-scroll,alacritty_terminal,4.67
3,ansi-scroll,ghostty-vt-main,6.12
3,ansi-scroll,vt100,6.06
3,ansi-scroll,wezterm-term,14.64
3,tui-redraw,alacritty_terminal,3.56
3,tui-redraw,ghostty-vt-main,2.68
3,tui-redraw,vt100,3.55
3,tui-redraw,wezterm-term,25.17
3,tmux-client,alacritty_terminal,2.14
3,tmux-client,ghostty-vt-main,6.02
3,tmux-client,vt100,8.54
3,tmux-client,wezterm-term,138.26
