engine,run,phase,captured,expected,event_to_pixel_median_ms,event_to_pixel_p95_ms,capture_interval_median_ms,capture_interval_p95_ms
alacritty,1,tmux,77,80,40.02,46.84,17.04,21.61
alacritty,1,input,40,40,20.43,25.42,35.29,52.38
alacritty,2,tmux,78,80,38.72,53.29,17.25,19.96
alacritty,2,input,40,40,21.36,27.54,35.71,52.13
alacritty,3,tmux,77,80,34.06,41.48,17.22,19.71
alacritty,3,input,40,40,20.54,26.49,36.25,53.39
ghostty,1,tmux,77,80,37.59,44.15,17.40,21.72
ghostty,1,input,40,40,19.26,27.59,38.77,55.29
ghostty,2,tmux,77,80,24.44,33.39,17.39,19.24
ghostty,2,input,40,40,18.44,25.09,35.06,52.87
ghostty,3,tmux,78,80,34.32,41.82,17.34,19.23
ghostty,3,input,40,40,17.05,23.56,36.18,51.56
vt100,1,tmux,77,80,32.45,37.44,17.13,19.08
vt100,1,input,40,40,20.81,26.45,47.07,54.79
vt100,2,tmux,77,80,22.91,30.04,17.32,19.58
vt100,2,input,40,40,20.72,24.75,40.38,51.71
vt100,3,tmux,77,80,23.26,30.96,17.35,19.90
vt100,3,input,40,40,20.14,22.99,39.03,51.09
wezterm,1,tmux,78,80,31.57,45.16,17.15,22.46
wezterm,1,input,40,40,19.66,25.70,37.58,54.90
wezterm,2,tmux,77,80,24.91,39.38,17.26,19.37
wezterm,2,input,40,40,20.31,25.52,46.51,53.75
wezterm,3,tmux,75,80,26.30,45.82,17.45,28.94
wezterm,3,input,40,40,21.00,31.91,38.12,54.19
